{
      "9999" : {
      "def_style" : [
         {
            "effect_id" : 0,
            "effect_file" : "/data/odm/etc/gs2/9999/def/effect_0.bin",
            "play_rate_hz" : 24000
         },
         {
            "effect_id" : 1,
            "effect_file" : "/data/odm/etc/gs2/9999/def/effect_1.bin",
            "play_rate_hz" : 24000
         },
         {
            "effect_id" : 10,
            "effect_file" : "/data/odm/etc/gs2/9999/def/effect_10.bin",
            "play_rate_hz" : 24000
         },
         {
            "effect_id" : 100,
            "effect_file" : "/data/odm/etc/gs2/9999/def/effect_100.bin",
            "play_rate_hz" : 24000
         },
         {
            "effect_id" : 101,
            "effect_file" : "/data/odm/etc/gs2/9999/def/effect_101.bin",
            "play_rate_hz" : 24000
         },
         {
            "effect_id" : 102,
            "effect_file" : "/data/odm/etc/gs2/9999/def/effect_102.bin",
            "play_rate_hz" : 24000
         },
         {
            "effect_id" : 103,
            "effect_file" : "/data/odm/etc/gs2/9999/def/effect_103.bin",
            "play_rate_hz" : 24000
         },
         {
            "effect_id" : 104,
            "effect_file" : "/data/odm/etc/gs2/9999/def/effect_104.bin",
            "play_rate_hz" : 24000
         },
         {
            "effect_id" : 105,
            "effect_file" : "/data/odm/etc/gs2/9999/def/effect_105.bin",
            "play_rate_hz" : 24000
         },
         {
            "effect_id" : 106,
            "effect_file" : "/data/odm/etc/gs2/9999/def/effect_106.bin",
            "play_rate_hz" : 24000
         },
         {
            "effect_id" : 107,
            "effect_file" : "/data/odm/etc/gs2/9999/def/effect_107.bin",
            "play_rate_hz" : 24000
         },
         {
            "effect_id" : 108,
            "effect_file" : "/data/odm/etc/gs2/9999/def/effect_108.bin",
            "play_rate_hz" : 24000
         },
         {
            "effect_id" : 109,
            "effect_file" : "/data/odm/etc/gs2/9999/def/effect_109.bin",
            "play_rate_hz" : 24000
         },
         {
            "effect_id" : 11,
            "effect_file" : "/data/odm/etc/gs2/9999/def/effect_11.bin",
            "play_rate_hz" : 24000
         },
         {
            "effect_id" : 110,
            "effect_file" : "/data/odm/etc/gs2/9999/def/effect_110.bin",
            "play_rate_hz" : 24000
         },
         {
            "effect_id" : 111,
            "effect_file" : "/data/odm/etc/gs2/9999/def/effect_111.bin",
            "play_rate_hz" : 24000
         },
         {
            "effect_id" : 112,
            "effect_file" : "/data/odm/etc/gs2/9999/def/effect_112.bin",
            "play_rate_hz" : 24000
         },
         {
            "effect_id" : 118,
            "effect_file" : "/data/odm/etc/gs2/9999/def/effect_118.bin",
            "play_rate_hz" : 24000
         },
         {
            "effect_id" : 12,
            "effect_file" : "/data/odm/etc/gs2/9999/def/effect_12.bin",
            "play_rate_hz" : 24000
         },
         {
            "effect_id" : 122,
            "effect_file" : "/data/odm/etc/gs2/9999/def/effect_122.bin",
            "play_rate_hz" : 24000
         },
         {
            "effect_id" : 170,
            "effect_file" : "/data/odm/etc/gs2/9999/def/effect_170.bin",
            "play_rate_hz" : 24000
         },
         {
            "effect_id" : 2,
            "effect_file" : "/data/odm/etc/gs2/9999/def/effect_6.bin",
            "play_rate_hz" : 24000
         },
         {
            "effect_id" : 3,
            "effect_file" : "/data/odm/etc/gs2/9999/def/effect_3.bin",
            "play_rate_hz" : 24000
         },
         {
            "effect_id" : 302,
            "effect_file" : "/data/odm/etc/gs2/9999/def/effect_302.bin",
            "play_rate_hz" : 24000
         },
         {
            "effect_id" : 303,
            "effect_file" : "/data/odm/etc/gs2/9999/def/effect_303.bin",
            "play_rate_hz" : 24000
         },
         {
            "effect_id" : 304,
            "effect_file" : "/data/odm/etc/gs2/9999/def/effect_304.bin",
            "play_rate_hz" : 24000
         },
         {
            "effect_id" : 305,
            "effect_file" : "/data/odm/etc/gs2/9999/def/effect_305.bin",
            "play_rate_hz" : 24000
         },
         {
            "effect_id" : 308,
            "effect_file" : "/data/odm/etc/gs2/9999/def/effect_308.bin",
            "play_rate_hz" : 24000
         },
         {
            "effect_id" : 309,
            "effect_file" : "/data/odm/etc/gs2/9999/def/effect_309.bin",
            "play_rate_hz" : 24000
         },
         {
            "effect_id" : 310,
            "effect_file" : "/data/odm/etc/gs2/9999/def/effect_310.bin",
            "play_rate_hz" : 24000
         },
         {
            "effect_id" : 315,
            "effect_file" : "/data/odm/etc/gs2/9999/def/effect_315.bin",
            "play_rate_hz" : 24000
         },
         {
            "effect_id" : 316,
            "effect_file" : "/data/odm/etc/gs2/9999/def/effect_316.bin",
            "play_rate_hz" : 24000
         },
         {
            "effect_id" : 317,
            "effect_file" : "/data/odm/etc/gs2/9999/def/effect_317.bin",
            "play_rate_hz" : 24000
         },
         {
            "effect_id" : 318,
            "effect_file" : "/data/odm/etc/gs2/9999/def/effect_318.bin",
            "play_rate_hz" : 24000
         },
         {
            "effect_id" : 321,
            "effect_file" : "/data/odm/etc/gs2/9999/def/effect_321.bin",
            "play_rate_hz" : 24000
         },
         {
            "effect_id" : 322,
            "effect_file" : "/data/odm/etc/gs2/9999/def/effect_322.bin",
            "play_rate_hz" : 24000
         },
         {
            "effect_id" : 323,
            "effect_file" : "/data/odm/etc/gs2/9999/def/effect_323.bin",
            "play_rate_hz" : 24000
         },
         {
            "effect_id" : 324,
            "effect_file" : "/data/odm/etc/gs2/9999/def/effect_324.bin",
            "play_rate_hz" : 24000
         },
         {
            "effect_id" : 325,
            "effect_file" : "/data/odm/etc/gs2/9999/def/effect_325.bin",
            "play_rate_hz" : 24000
         },
         {
            "effect_id" : 331,
            "effect_file" : "/data/odm/etc/gs2/9999/def/effect_331.bin",
            "play_rate_hz" : 24000
         },
         {
            "effect_id" : 332,
            "effect_file" : "/data/odm/etc/gs2/9999/def/effect_332.bin",
            "play_rate_hz" : 24000
         },
         {
            "effect_id" : 333,
            "effect_file" : "/data/odm/etc/gs2/9999/def/effect_333.bin",
            "play_rate_hz" : 24000
         },
         {
            "effect_id" : 334,
            "effect_file" : "/data/odm/etc/gs2/9999/def/effect_334.bin",
            "play_rate_hz" : 24000
         },
         {
            "effect_id" : 335,
            "effect_file" : "/data/odm/etc/gs2/9999/def/effect_335.bin",
            "play_rate_hz" : 24000
         },
         {
            "effect_id" : 340,
            "effect_file" : "/data/odm/etc/gs2/9999/def/effect_340.bin",
            "play_rate_hz" : 24000
         },
         {
            "effect_id" : 341,
            "effect_file" : "/data/odm/etc/gs2/9999/def/effect_341.bin",
            "play_rate_hz" : 24000
         },
         {
            "effect_id" : 342,
            "effect_file" : "/data/odm/etc/gs2/9999/def/effect_342.bin",
            "play_rate_hz" : 24000
         },
         {
            "effect_id" : 343,
            "effect_file" : "/data/odm/etc/gs2/9999/def/effect_343.bin",
            "play_rate_hz" : 24000
         },
         {
            "effect_id" : 344,
            "effect_file" : "/data/odm/etc/gs2/9999/def/effect_344.bin",
            "play_rate_hz" : 24000
         },
         {
            "effect_id" : 345,
            "effect_file" : "/data/odm/etc/gs2/9999/def/effect_345.bin",
            "play_rate_hz" : 24000
         },
         {
            "effect_id" : 346,
            "effect_file" : "/data/odm/etc/gs2/9999/def/effect_346.bin",
            "play_rate_hz" : 24000
         },
         {
            "effect_id" : 347,
            "effect_file" : "/data/odm/etc/gs2/9999/def/effect_347.bin",
            "play_rate_hz" : 24000
         },
         {
            "effect_id" : 348,
            "effect_file" : "/data/odm/etc/gs2/9999/def/effect_348.bin",
            "play_rate_hz" : 24000
         },
         {
            "effect_id" : 349,
            "effect_file" : "/data/odm/etc/gs2/9999/def/effect_349.bin",
            "play_rate_hz" : 24000
         },
         {
            "effect_id" : 350,
            "effect_file" : "/data/odm/etc/gs2/9999/def/effect_350.bin",
            "play_rate_hz" : 24000
         },
         {
            "effect_id" : 351,
            "effect_file" : "/data/odm/etc/gs2/9999/def/effect_351.bin",
            "play_rate_hz" : 24000
         },
         {
            "effect_id" : 352,
            "effect_file" : "/data/odm/etc/gs2/9999/def/effect_352.bin",
            "play_rate_hz" : 24000
         },
         {
            "effect_id" : 353,
            "effect_file" : "/data/odm/etc/gs2/9999/def/effect_353.bin",
            "play_rate_hz" : 24000
         },
         {
            "effect_id" : 354,
            "effect_file" : "/data/odm/etc/gs2/9999/def/effect_354.bin",
            "play_rate_hz" : 24000
         },
         {
            "effect_id" : 355,
            "effect_file" : "/data/odm/etc/gs2/9999/def/effect_355.bin",
            "play_rate_hz" : 24000
         },
         {
            "effect_id" : 356,
            "effect_file" : "/data/odm/etc/gs2/9999/def/effect_356.bin",
            "play_rate_hz" : 24000
         },
         {
            "effect_id" : 357,
            "effect_file" : "/data/odm/etc/gs2/9999/def/effect_357.bin",
            "play_rate_hz" : 24000
         },
         {
            "effect_id" : 358,
            "effect_file" : "/data/odm/etc/gs2/9999/def/effect_358.bin",
            "play_rate_hz" : 24000
         },
         {
            "effect_id" : 359,
            "effect_file" : "/data/odm/etc/gs2/9999/def/effect_359.bin",
            "play_rate_hz" : 24000
         },
         {
            "effect_id" : 364,
            "effect_file" : "/data/odm/etc/gs2/9999/def/effect_364.bin",
            "play_rate_hz" : 24000
         },
         {
            "effect_id" : 365,
            "effect_file" : "/data/odm/etc/gs2/9999/def/effect_365.bin",
            "play_rate_hz" : 24000
         },
         {
            "effect_id" : 366,
            "effect_file" : "/data/odm/etc/gs2/9999/def/effect_366.bin",
            "play_rate_hz" : 24000
         },
         {
            "effect_id" : 367,
            "effect_file" : "/data/odm/etc/gs2/9999/def/effect_367.bin",
            "play_rate_hz" : 24000
         },
         {
            "effect_id" : 368,
            "effect_file" : "/data/odm/etc/gs2/9999/def/effect_368.bin",
            "play_rate_hz" : 24000
         },
         {
            "effect_id" : 369,
            "effect_file" : "/data/odm/etc/gs2/9999/def/effect_369.bin",
            "play_rate_hz" : 24000
         },
         {
            "effect_id" : 370,
            "effect_file" : "/data/odm/etc/gs2/9999/def/effect_370.bin",
            "play_rate_hz" : 24000
         },
         {
            "effect_id" : 4,
            "effect_file" : "/data/odm/etc/gs2/9999/def/effect_4.bin",
            "play_rate_hz" : 24000
         },
         {
            "effect_id" : 41,
            "effect_file" : "/data/odm/etc/gs2/9999/def/effect_41.bin",
            "play_rate_hz" : 24000
         },
         {
            "effect_id" : 42,
            "effect_file" : "/data/odm/etc/gs2/9999/def/effect_42.bin",
            "play_rate_hz" : 24000
         },
         {
            "effect_id" : 43,
            "effect_file" : "/data/odm/etc/gs2/9999/def/effect_43.bin",
            "play_rate_hz" : 24000
         },
         {
            "effect_id" : 44,
            "effect_file" : "/data/odm/etc/gs2/9999/def/effect_44.bin",
            "play_rate_hz" : 24000
         },
         {
            "effect_id" : 45,
            "effect_file" : "/data/odm/etc/gs2/9999/def/effect_45.bin",
            "play_rate_hz" : 24000
         },
         {
            "effect_id" : 46,
            "effect_file" : "/data/odm/etc/gs2/9999/def/effect_46.bin",
            "play_rate_hz" : 24000
         },
         {
            "effect_id" : 47,
            "effect_file" : "/data/odm/etc/gs2/9999/def/effect_47.bin",
            "play_rate_hz" : 24000
         },
         {
            "effect_id" : 5,
            "effect_file" : "/data/odm/etc/gs2/9999/def/effect_5.bin",
            "play_rate_hz" : 24000
         },
         {
            "effect_id" : 51,
            "effect_file" : "/data/odm/etc/gs2/9999/def/effect_51.bin",
            "play_rate_hz" : 24000
         },
         {
            "effect_id" : 512,
            "effect_file" : "/data/odm/etc/gs2/9999/def/effect_512.bin",
            "play_rate_hz" : 24000
         },
         {
            "effect_id" : 513,
            "effect_file" : "/data/odm/etc/gs2/9999/def/effect_513.bin",
            "play_rate_hz" : 24000
         },
         {
            "effect_id" : 514,
            "effect_file" : "/data/odm/etc/gs2/9999/def/effect_514.bin",
            "play_rate_hz" : 24000
         },
         {
            "effect_id" : 515,
            "effect_file" : "/data/odm/etc/gs2/9999/def/effect_515.bin",
            "play_rate_hz" : 24000
         },
         {
            "effect_id" : 516,
            "effect_file" : "/data/odm/etc/gs2/9999/def/effect_516.bin",
            "play_rate_hz" : 24000
         },
         {
            "effect_id" : 517,
            "effect_file" : "/data/odm/etc/gs2/9999/def/effect_517.bin",
            "play_rate_hz" : 24000
         },
         {
            "effect_id" : 518,
            "effect_file" : "/data/odm/etc/gs2/9999/def/effect_518.bin",
            "play_rate_hz" : 24000
         },
         {
            "effect_id" : 519,
            "effect_file" : "/data/odm/etc/gs2/9999/def/effect_519.bin",
            "play_rate_hz" : 24000
         },
         {
            "effect_id" : 52,
            "effect_file" : "/data/odm/etc/gs2/9999/def/effect_52.bin",
            "play_rate_hz" : 24000
         },
         {
            "effect_id" : 520,
            "effect_file" : "/data/odm/etc/gs2/9999/def/effect_520.bin",
            "play_rate_hz" : 24000
         },
         {
            "effect_id" : 521,
            "effect_file" : "/data/odm/etc/gs2/9999/def/effect_521.bin",
            "play_rate_hz" : 24000
         },
         {
            "effect_id" : 522,
            "effect_file" : "/data/odm/etc/gs2/9999/def/effect_522.bin",
            "play_rate_hz" : 24000
         },
         {
            "effect_id" : 523,
            "effect_file" : "/data/odm/etc/gs2/9999/def/effect_523.bin",
            "play_rate_hz" : 24000
         },
         {
            "effect_id" : 53,
            "effect_file" : "/data/odm/etc/gs2/9999/def/effect_53.bin",
            "play_rate_hz" : 24000
         },
         {
            "effect_id" : 54,
            "effect_file" : "/data/odm/etc/gs2/9999/def/effect_54.bin",
            "play_rate_hz" : 24000
         },
         {
            "effect_id" : 55,
            "effect_file" : "/data/odm/etc/gs2/9999/def/effect_55.bin",
            "play_rate_hz" : 24000
         },
         {
            "effect_id" : 56,
            "effect_file" : "/data/odm/etc/gs2/9999/def/effect_56.bin",
            "play_rate_hz" : 24000
         },
         {
            "effect_id" : 59,
            "effect_file" : "/data/odm/etc/gs2/9999/def/effect_59.bin",
            "play_rate_hz" : 24000
         },
         {
            "effect_id" : 6,
            "effect_file" : "/data/odm/etc/gs2/9999/def/effect_6.bin",
            "play_rate_hz" : 24000
         },
         {
            "effect_id" : 60,
            "effect_file" : "/data/odm/etc/gs2/9999/def/effect_60.bin",
            "play_rate_hz" : 24000
         },
         {
            "effect_id" : 61,
            "effect_file" : "/data/odm/etc/gs2/9999/def/effect_61.bin",
            "play_rate_hz" : 24000
         },
         {
            "effect_id" : 62,
            "effect_file" : "/data/odm/etc/gs2/9999/def/effect_62.bin",
            "play_rate_hz" : 24000
         },
         {
            "effect_id" : 63,
            "effect_file" : "/data/odm/etc/gs2/9999/def/effect_63.bin",
            "play_rate_hz" : 24000
         },
         {
            "effect_id" : 64,
            "effect_file" : "/data/odm/etc/gs2/9999/def/effect_64.bin",
            "play_rate_hz" : 24000
         },
         {
            "effect_id" : 65,
            "effect_file" : "/data/odm/etc/gs2/9999/def/effect_65.bin",
            "play_rate_hz" : 24000
         },
         {
            "effect_id" : 66,
            "effect_file" : "/data/odm/etc/gs2/9999/def/effect_66.bin",
            "play_rate_hz" : 24000
         },
         {
            "effect_id" : 67,
            "effect_file" : "/data/odm/etc/gs2/9999/def/effect_67.bin",
            "play_rate_hz" : 24000
         },
         {
            "effect_id" : 68,
            "effect_file" : "/data/odm/etc/gs2/9999/def/effect_68.bin",
            "play_rate_hz" : 24000
         },
         {
            "effect_id" : 69,
            "effect_file" : "/data/odm/etc/gs2/9999/def/effect_69.bin",
            "play_rate_hz" : 24000
         },
         {
            "effect_id" : 7,
            "effect_file" : "/data/odm/etc/gs2/9999/def/effect_6.bin",
            "play_rate_hz" : 24000
         },
         {
            "effect_id" : 8,
            "effect_file" : "/data/odm/etc/gs2/9999/def/effect_8.bin",
            "play_rate_hz" : 24000
         },
         {
            "effect_id" : 9,
            "effect_file" : "/data/odm/etc/gs2/9999/def/effect_9.bin",
            "play_rate_hz" : 24000
         }
      ],
      "soft_style" : [
         {
            "effect_file" : "/data/odm/etc/gs2/9999/soft/effect_0.bin",
            "effect_id" : 0,
            "play_rate_hz" : 24000
         },
         {
            "effect_file" : "/data/odm/etc/gs2/9999/soft/effect_1.bin",
            "effect_id" : 1,
            "play_rate_hz" : 24000
         },
         {
            "effect_file" : "/data/odm/etc/gs2/9999/soft/effect_105.bin",
            "effect_id" : 105,
            "play_rate_hz" : 24000
         },
         {
            "effect_file" : "/data/odm/etc/gs2/9999/soft/effect_106.bin",
            "effect_id" : 106,
            "play_rate_hz" : 24000
         },
         {
            "effect_file" : "/data/odm/etc/gs2/9999/soft/effect_107.bin",
            "effect_id" : 107,
            "play_rate_hz" : 24000
         },
         {
            "effect_file" : "/data/odm/etc/gs2/9999/soft/effect_109.bin",
            "effect_id" : 109,
            "play_rate_hz" : 24000
         },
         {
            "effect_file" : "/data/odm/etc/gs2/9999/soft/effect_2.bin",
            "effect_id" : 2,
            "play_rate_hz" : 24000
         },
         {
            "effect_file" : "/data/odm/etc/gs2/9999/soft/effect_3.bin",
            "effect_id" : 3,
            "play_rate_hz" : 24000
         },
         {
            "effect_file" : "/data/odm/etc/gs2/9999/soft/effect_309.bin",
            "effect_id" : 309,
            "play_rate_hz" : 24000
         },
         {
            "effect_file" : "/data/odm/etc/gs2/9999/soft/effect_310.bin",
            "effect_id" : 310,
            "play_rate_hz" : 24000
         },
         {
            "effect_file" : "/data/odm/etc/gs2/9999/soft/effect_315.bin",
            "effect_id" : 315,
            "play_rate_hz" : 24000
         },
         {
            "effect_file" : "/data/odm/etc/gs2/9999/soft/effect_316.bin",
            "effect_id" : 316,
            "play_rate_hz" : 24000
         },
         {
            "effect_file" : "/data/odm/etc/gs2/9999/soft/effect_318.bin",
            "effect_id" : 318,
            "play_rate_hz" : 24000
         },
         {
            "effect_file" : "/data/odm/etc/gs2/9999/soft/effect_364.bin",
            "effect_id" : 364,
            "play_rate_hz" : 24000
         },
         {
            "effect_file" : "/data/odm/etc/gs2/9999/soft/effect_4.bin",
            "effect_id" : 4,
            "play_rate_hz" : 24000
         },
         {
            "effect_file" : "/data/odm/etc/gs2/9999/soft/effect_46.bin",
            "effect_id" : 46,
            "play_rate_hz" : 24000
         },
         {
            "effect_file" : "/data/odm/etc/gs2/9999/soft/effect_47.bin",
            "effect_id" : 47,
            "play_rate_hz" : 24000
         },
         {
            "effect_file" : "/data/odm/etc/gs2/9999/soft/effect_512.bin",
            "effect_id" : 512,
            "play_rate_hz" : 24000
         },
         {
            "effect_file" : "/data/odm/etc/gs2/9999/soft/effect_513.bin",
            "effect_id" : 513,
            "play_rate_hz" : 24000
         },
         {
            "effect_file" : "/data/odm/etc/gs2/9999/soft/effect_54.bin",
            "effect_id" : 54,
            "play_rate_hz" : 24000
         },
         {
            "effect_file" : "/data/odm/etc/gs2/9999/soft/effect_6.bin",
            "effect_id" : 6,
            "play_rate_hz" : 24000
         },
         {
            "effect_file" : "/data/odm/etc/gs2/9999/soft/effect_7.bin",
            "effect_id" : 7,
            "play_rate_hz" : 24000
         },
         {
            "effect_file" : "/data/odm/etc/gs2/9999/soft/effect_8.bin",
            "effect_id" : 8,
            "play_rate_hz" : 24000
         }
      ]
   },
   "vibrator_arch" : "qcom-hv-haptic"
}
